Date,Open,High,Low,Close,Volume
2026-05-18,952.0,954.9,933.9,939.4,16554877.0
2026-05-19,942.0,956.6,939.5,948.8,17280869.0
2026-05-20,941.1,955.0,935.0,950.9,11928460.0
2026-05-21,957.0,960.9,946.5,950.9,11756520.0
2026-05-22,950.9,958.6,947.7,949.2,7807192.0
2026-05-25,959.9,972.5,957.5,969.6,10934747.0
2026-05-26,969.9,978.8,962.1,968.5,16269800.0
2026-05-27,969.8,975.9,966.6,967.8,8111259.0
2026-05-29,967.8,973.7,960.3,964.4,22292535.0
2026-06-01,966.25,970.25,950.1,954.1,11118975.0
2026-06-02,950.95,961.3,939.9,956.65,15911760.0
2026-06-03,953.75,974.0,937.2,970.45,27947005.0
2026-06-04,969.9,985.8,961.1,979.25,18875883.0
2026-06-05,980.0,992.6,970.6,977.7,20955539.0
2026-06-08,966.0,988.65,965.15,981.95,12895416.0
2026-06-09,985.0,1009.0,983.0,1002.7,22142480.0
2026-06-10,1002.7,1012.4,999.5,1003.25,19122317.0
2026-06-11,998.1,1009.4,993.0,1000.7,13773978.0
2026-06-12,1018.0,1018.7,1004.35,1017.15,11081119.0
2026-06-15,1034.0,1034.0,1018.5,1020.85,12463437.0
2026-06-16,1023.8,1026.55,1007.4,1015.3,9693677.0
2026-06-17,1017.0,1028.1,1013.45,1026.5,8190062.0
2026-06-18,1027.9,1045.7,1024.45,1042.7,11048009.0
2026-06-19,1042.0,1042.0,1029.3,1035.1,9099878.0
2026-06-22,1038.0,1043.0,1033.6,1040.75,6209440.0
2026-06-23,1041.0,1045.5,1022.35,1024.2,10411004.0
2026-06-24,1024.0,1044.5,1020.5,1034.6,11724076.0
2026-06-25,1040.0,1055.4,1038.55,1045.4,16002360.0
2026-06-29,1044.45,1046.4,1030.85,1036.1,16818246.0
2026-06-30,1040.0,1044.0,1025.05,1026.9,11161643.0
2026-07-01,1031.0,1049.9,1025.5,1047.4,6295315.0
2026-07-02,1050.9,1059.8,1045.0,1051.6,14682790.0
2026-07-03,1055.0,1057.0,1034.5,1040.0,10441493.0
2026-07-06,1041.9,1048.4,1036.5,1037.7,8761017.0
2026-07-07,1039.3,1049.6,1035.5,1038.1,11053574.0
2026-07-08,1029.6,1038.3,1011.7,1016.9,14141694.0
2026-07-09,1019.8,1031.7,1019.3,1022.1,7661699.0
2026-07-10,1029.5,1047.8,1023.5,1036.0,8792150.0
2026-07-13,1023.5,1042.9,1022.1,1037.0,8381510.0
2026-07-14,1033.3,1033.7,1011.4,1015.4,11562326.0
2026-07-15,1015.5,1036.0,1013.7,1030.1,14275394.0
2026-07-16,1030.1,1036.0,1027.3,1031.2,7708316.0
2026-07-17,1030.6,1048.0,1028.3,1044.3,8452780.0
2026-07-20,1041.6,1065.0,1038.3,1060.0,16540411.0
2026-07-21,1056.2,1067.0,1042.8,1044.4,10514887.0
2026-07-22,1044.4,1044.4,1019.2,1025.0,11227214.0
2026-07-27,1020.3,1023.7,1015.9,1020.6,6093002.0
2026-07-28,1018.0,1022.0,1008.3,1013.2,9873370.0
2026-07-29,1020.0,1020.2,1012.0,1013.7,4792964.0
2026-07-30,1013.5,1028.3,1007.6,1025.3,6847458.0
2026-07-31,1028.1,1034.3,1023.5,1027.4,10921417.0
2026-08-03,1035.0,1051.5,1031.6,1045.0,10507450.0
2026-08-04,1047.6,1047.6,1030.9,1042.7,8544184.0
2026-08-05,1043.0,1055.0,1040.3,1055.0,8707119.0
2026-08-06,1052.5,1088.1,1052.5,1085.0,13822265.0
2026-08-07,1080.1,1124.5,1075.7,1097.2,29410622.0
2026-08-10,1108.0,1113.3,1068.6,1071.0,16623448.0
2026-08-11,1071.0,1071.0,1060.4,1066.0,9456913.0
2026-08-12,1066.0,1085.5,1066.0,1082.0,17673922.0
2026-08-13,1083.0,1086.8,1073.0,1083.0,9502483.0
