Symbol,Expiry,LotSize,StrikeDiff
011NSETEST,27NOV36,50,
021NSETEST,27NOV36,50,
031NSETEST,27NOV36,50,
041NSETEST,27NOV36,50,
051NSETEST,27NOV36,50,
061NSETEST,27NOV36,50,
071NSETEST,27NOV36,50,
081NSETEST,27NOV36,50,
091NSETEST,27NOV36,50,
101NSETEST,27NOV36,50,
111NSETEST,27NOV36,50,
121NSETEST,27NOV36,50,
131NSETEST,27NOV36,50,
141NSETEST,27NOV36,50,
151NSETEST,27NOV36,50,
161NSETEST,27NOV36,50,
171NSETEST,27NOV36,50,
181NSETEST,27NOV36,50,
360ONE,25AUG26,500,20.0
ABB,25AUG26,125,100.0
ABCAPITAL,25AUG26,3100,5.0
ADANIENSOL,25AUG26,675,20.0
ADANIENT,25AUG26,309,10.0
ADANIGREEN,25AUG26,600,20.0
ADANIPORTS,25AUG26,475,20.0
ADANIPOWER,25AUG26,3550,5.0
ALKEM,25AUG26,125,50.0
AMBER,25AUG26,100,100.0
AMBUJACEM,25AUG26,1200,5.0
ANGELONE,25AUG26,2500,5.0
APLAPOLLO,25AUG26,350,20.0
APOLLOHOSP,25AUG26,125,100.0
ASHOKLEY,25AUG26,5000,2.0
ASIANPAINT,25AUG26,250,20.0
ASTRAL,25AUG26,425,20.0
AUBANK,25AUG26,1000,20.0
AUROPHARMA,25AUG26,550,20.0
AXISBANK,25AUG26,625,20.0
BAJAJ-AUTO,25AUG26,75,100.0
BAJAJFINSV,25AUG26,300,20.0
BAJAJHLDNG,25AUG26,75,100.0
BAJFINANCE,25AUG26,750,10.0
BANDHANBNK,25AUG26,3600,5.0
BANKBARODA,25AUG26,2925,5.0
BANKINDIA,25AUG26,5200,2.0
BANKNIFTY,25AUG26,30,100.0
BDL,25AUG26,425,20.0
BEL,25AUG26,1425,5.0
BHARATFORG,25AUG26,500,20.0
BHARTIARTL,25AUG26,475,20.0
BHEL,25AUG26,2625,5.0
BIOCON,25AUG26,2500,5.0
BLUESTARCO,25AUG26,325,20.0
BOSCHLTD,25AUG26,25,500.0
BPCL,25AUG26,1975,5.0
BRITANNIA,25AUG26,125,50.0
BSE,25AUG26,200,100.0
CAMS,25AUG26,825,10.0
CANBK,25AUG26,6750,0.0
CDSL,25AUG26,475,20.0
CGPOWER,25AUG26,850,20.0
CHOLAFIN,25AUG26,625,20.0
CIPLA,25AUG26,425,10.0
COALINDIA,25AUG26,1350,5.0
COCHINSHIP,25AUG26,400,20.0
COFORGE,25AUG26,475,20.0
COLPAL,25AUG26,275,20.0
CONCOR,25AUG26,1250,5.0
CROMPTON,25AUG26,2150,5.0
CUMMINSIND,25AUG26,200,100.0
DABUR,25AUG26,1250,5.0
DALBHARAT,25AUG26,325,20.0
DELHIVERY,25AUG26,2075,5.0
DIVISLAB,25AUG26,100,100.0
DIXON,25AUG26,50,50.0
DLF,25AUG26,950,10.0
DMART,25AUG26,150,50.0
DRREDDY,25AUG26,625,10.0
EICHERMOT,25AUG26,100,100.0
ETERNAL,25AUG26,2425,5.0
FEDERALBNK,25AUG26,2500,5.0
FINNIFTY,25AUG26,60,50.0
FORCEMOT,25AUG26,25,500.0
FORTIS,25AUG26,775,10.0
GAIL,25AUG26,3550,2.0
GLENMARK,25AUG26,375,20.0
GMRAIRPORT,25AUG26,6975,1.0
GODFRYPHLP,25AUG26,275,50.0
GODREJCP,25AUG26,500,10.0
GODREJPROP,25AUG26,325,20.0
GRASIM,25AUG26,250,20.0
GVT&D,25AUG26,125,100.0
HAL,25AUG26,150,50.0
HAVELLS,25AUG26,500,20.0
HCLTECH,25AUG26,400,10.0
HDFCAMC,25AUG26,300,50.0
HDFCBANK,25AUG26,650,10.0
HDFCLIFE,25AUG26,1100,5.0
HEROMOTOCO,25AUG26,150,100.0
HINDALCO,25AUG26,700,20.0
HINDPETRO,25AUG26,2025,10.0
HINDUNILVR,25AUG26,300,20.0
HINDZINC,25AUG26,1225,10.0
HYUNDAI,25AUG26,275,20.0
ICICIBANK,25AUG26,700,10.0
ICICIGI,25AUG26,325,20.0
ICICIPRULI,25AUG26,925,5.0
IDEA,25AUG26,71475,1.0
IDFCFIRSTB,25AUG26,9275,1.0
IEX,25AUG26,4350,0.0
INDHOTEL,25AUG26,1000,10.0
INDIANB,25AUG26,1000,10.0
INDIGO,25AUG26,150,100.0
INDUSINDBK,25AUG26,700,10.0
INDUSTOWER,25AUG26,1700,5.0
INFY,25AUG26,400,5.0
INOXWIND,25AUG26,6400,0.0
IOC,25AUG26,4875,0.0
IREDA,25AUG26,4525,0.0
IRFC,25AUG26,5425,1.0
ITC,25AUG26,1725,2.0
JINDALSTEL,25AUG26,625,20.0
JIOFIN,25AUG26,2350,2.0
JSWENERGY,25AUG26,1075,10.0
JSWSTEEL,25AUG26,675,20.0
JUBLFOOD,25AUG26,1250,5.0
KALYANKJIL,25AUG26,1350,5.0
KAYNES,25AUG26,150,50.0
KEI,25AUG26,175,100.0
KFINTECH,25AUG26,575,20.0
KOTAKBANK,25AUG26,2000,5.0
KPITTECH,25AUG26,775,10.0
LAURUSLABS,25AUG26,850,20.0
LICHSGFIN,25AUG26,1000,10.0
LICI,25AUG26,1400,5.0
LODHA,25AUG26,625,20.0
LT,25AUG26,175,10.0
LTF,25AUG26,2250,5.0
LTM,25AUG26,150,50.0
LUPIN,25AUG26,425,20.0
M&M,25AUG26,200,10.0
MANAPPURAM,25AUG26,3000,5.0
MANKIND,25AUG26,250,20.0
MARICO,25AUG26,1200,10.0
MARUTI,25AUG26,50,100.0
MAXHEALTH,25AUG26,525,10.0
MAZDOCK,25AUG26,225,50.0
MCX,25AUG26,225,50.0
MFSL,25AUG26,400,20.0
MIDCPNIFTY,25AUG26,120,25.0
MOTHERSON,25AUG26,6150,0.0
MOTILALOFS,25AUG26,775,20.0
MPHASIS,25AUG26,275,12.0
MUTHOOTFIN,25AUG26,275,50.0
NAM-INDIA,25AUG26,625,20.0
NATIONALUM,25AUG26,1875,10.0
NAUKRI,25AUG26,550,20.0
NBCC,25AUG26,6500,2.0
NESTLEIND,25AUG26,500,10.0
NHPC,25AUG26,6950,1.0
NIFTY,04AUG26,65,50.0
NIFTYNXT50,25AUG26,25,100.0
NMDC,25AUG26,6750,1.0
NTPC,25AUG26,1500,5.0
NYKAA,25AUG26,3125,5.0
OBEROIRLTY,25AUG26,350,20.0
OFSS,25AUG26,100,100.0
OIL,25AUG26,1400,5.0
ONGC,25AUG26,2250,2.0
PAGEIND,25AUG26,20,500.0
PATANJALI,25AUG26,1075,5.0
PAYTM,25AUG26,725,20.0
PERSISTENT,25AUG26,125,100.0
PETRONET,25AUG26,1900,5.0
PFC,25AUG26,1300,5.0
PGEL,25AUG26,950,10.0
PHOENIXLTD,25AUG26,350,20.0
PIDILITIND,25AUG26,500,20.0
PIIND,25AUG26,175,10.0
PNB,25AUG26,8000,1.0
PNBHOUSING,25AUG26,650,20.0
POLICYBZR,25AUG26,350,20.0
POLYCAB,25AUG26,125,100.0
POWERGRID,25AUG26,1900,2.0
POWERINDIA,25AUG26,25,500.0
PREMIERENE,25AUG26,650,20.0
PRESTIGE,25AUG26,450,20.0
RADICO,25AUG26,150,50.0
RBLBANK,25AUG26,3175,5.0
RECLTD,25AUG26,1575,5.0
RELIANCE,25AUG26,500,10.0
RVNL,25AUG26,1925,5.0
SAIL,25AUG26,4700,2.0
SBICARD,25AUG26,800,10.0
SBILIFE,25AUG26,375,20.0
SBIN,25AUG26,750,10.0
SHREECEM,25AUG26,25,250.0
SHRIRAMFIN,25AUG26,825,20.0
SIEMENS,25AUG26,175,50.0
SOLARINDS,25AUG26,50,250.0
SONACOMS,25AUG26,1225,10.0
SRF,25AUG26,200,20.0
SUNPHARMA,25AUG26,350,20.0
SUPREMEIND,25AUG26,175,50.0
SUZLON,25AUG26,12700,1.0
SWIGGY,25AUG26,1825,5.0
TATACONSUM,25AUG26,550,10.0
TATAELXSI,25AUG26,125,50.0
TATAPOWER,25AUG26,1450,5.0
TATASTEEL,25AUG26,2750,2.0
TCS,25AUG26,225,20.0
TECHM,25AUG26,600,4.0
TIINDIA,25AUG26,200,50.0
TITAN,25AUG26,175,50.0
TMPV,25AUG26,1600,5.0
TORNTPHARM,25AUG26,125,50.0
TRENT,25AUG26,225,10.0
TVSMOTOR,25AUG26,175,10.0
ULTRACEMCO,25AUG26,50,40.0
UNIONBANK,25AUG26,4425,2.0
UNITDSPR,25AUG26,400,20.0
UNOMINDA,25AUG26,550,20.0
UPL,25AUG26,1355,10.0
VBL,25AUG26,1275,10.0
VEDL,25AUG26,1150,5.0
VMM,25AUG26,4850,2.0
VOLTAS,25AUG26,375,20.0
WAAREEENER,25AUG26,175,50.0
WIPRO,25AUG26,3000,2.0
YESBANK,25AUG26,31100,1.0
ZYDUSLIFE,25AUG26,900,10.0
