Date,Open,High,Low,Close,Volume
26-08-2026 09:15:00,1240.00,1247.90,1238.20,1242.30,127556
26-08-2026 09:20:00,1242.80,1246.00,1242.60,1244.90,126507
26-08-2026 09:25:00,1245.00,1249.00,1244.80,1247.20,60073
26-08-2026 09:30:00,1247.60,1247.60,1245.30,1245.40,39436
26-08-2026 09:35:00,1245.90,1245.90,1244.30,1244.50,20026
26-08-2026 09:40:00,1244.90,1246.40,1244.70,1245.10,20590
26-08-2026 09:45:00,1245.20,1245.60,1242.70,1243.10,23389
26-08-2026 09:50:00,1243.30,1244.20,1243.00,1243.90,53337
26-08-2026 09:55:00,1244.00,1244.40,1243.00,1244.40,37867
26-08-2026 10:00:00,1244.50,1244.50,1243.10,1244.10,26276
26-08-2026 10:05:00,1244.20,1244.20,1242.00,1242.60,25192
26-08-2026 10:10:00,1242.50,1243.90,1242.50,1243.40,28894
26-08-2026 10:15:00,1243.50,1243.70,1241.40,1243.40,21260
26-08-2026 10:20:00,1243.10,1243.70,1241.90,1242.30,9498
26-08-2026 10:25:00,1241.90,1243.20,1241.80,1243.00,21634
26-08-2026 10:30:00,1242.70,1246.30,1242.60,1246.30,48139
26-08-2026 10:35:00,1246.40,1246.70,1244.80,1245.40,25223
26-08-2026 10:40:00,1244.70,1245.30,1244.00,1244.70,10509
26-08-2026 10:45:00,1244.60,1245.60,1243.70,1245.20,8570
26-08-2026 10:50:00,1245.10,1247.00,1245.00,1246.80,18602
26-08-2026 10:55:00,1246.90,1247.40,1245.40,1245.60,17808
26-08-2026 11:00:00,1245.40,1245.70,1244.30,1244.40,9561
26-08-2026 11:05:00,1244.30,1244.90,1243.60,1244.70,5416
26-08-2026 11:10:00,1244.90,1254.10,1244.80,1252.90,213650
26-08-2026 11:15:00,1253.80,1253.90,1250.70,1250.80,30731
26-08-2026 11:20:00,1250.60,1251.60,1250.00,1251.30,22354
26-08-2026 11:25:00,1251.40,1252.90,1251.10,1252.20,13222
26-08-2026 11:30:00,1252.70,1252.70,1251.50,1252.40,19850
26-08-2026 11:35:00,1252.50,1253.20,1252.10,1253.00,19465
26-08-2026 11:40:00,1253.10,1253.70,1252.90,1252.90,12651
26-08-2026 11:45:00,1253.00,1253.40,1251.80,1251.90,14531
26-08-2026 11:50:00,1251.80,1252.10,1250.90,1251.00,10144
26-08-2026 11:55:00,1251.20,1251.70,1250.70,1251.30,6689
26-08-2026 12:00:00,1251.40,1253.00,1250.20,1252.50,21818
26-08-2026 12:05:00,1252.10,1252.80,1251.60,1251.70,12091
26-08-2026 12:10:00,1251.60,1252.70,1251.60,1252.60,11622
26-08-2026 12:15:00,1252.70,1252.80,1251.00,1251.60,7510
26-08-2026 12:20:00,1251.70,1252.50,1250.80,1252.20,25228
26-08-2026 12:25:00,1252.30,1254.50,1251.50,1251.50,456076
26-08-2026 12:30:00,1251.70,1253.00,1250.70,1253.00,45157
26-08-2026 12:35:00,1252.90,1255.00,1252.60,1254.20,38138
26-08-2026 12:40:00,1254.30,1256.00,1254.00,1255.70,39487
26-08-2026 12:45:00,1255.80,1256.00,1254.50,1255.00,16656
26-08-2026 12:50:00,1255.10,1255.20,1254.20,1254.80,10605
26-08-2026 12:55:00,1254.90,1255.90,1254.70,1255.60,11602
26-08-2026 13:00:00,1255.50,1255.90,1254.40,1255.80,16619
26-08-2026 13:05:00,1255.70,1257.60,1255.70,1257.50,87430
26-08-2026 13:10:00,1257.30,1257.50,1256.80,1257.50,24027
26-08-2026 13:15:00,1257.60,1257.70,1254.50,1255.70,47760
26-08-2026 13:20:00,1255.60,1255.60,1254.90,1255.30,11373
26-08-2026 13:25:00,1255.40,1255.60,1255.10,1255.60,11261
26-08-2026 13:30:00,1255.80,1256.20,1255.30,1255.90,12250
26-08-2026 13:35:00,1256.00,1257.00,1255.60,1256.90,24715
26-08-2026 13:40:00,1256.80,1257.70,1255.20,1255.20,59797
26-08-2026 13:45:00,1255.10,1255.40,1254.60,1255.00,18913
26-08-2026 13:50:00,1255.10,1256.00,1254.80,1255.60,27131
26-08-2026 13:55:00,1255.50,1255.60,1254.60,1254.90,16021
26-08-2026 14:00:00,1255.00,1255.90,1254.60,1255.70,44714
26-08-2026 14:05:00,1255.80,1255.80,1254.60,1255.30,15414
26-08-2026 14:10:00,1255.40,1256.00,1254.60,1255.10,24050
26-08-2026 14:15:00,1255.30,1255.50,1254.70,1255.00,19305
26-08-2026 14:20:00,1254.80,1255.30,1253.90,1254.00,92591
26-08-2026 14:25:00,1254.10,1254.60,1252.80,1254.10,41242
26-08-2026 14:30:00,1254.00,1255.40,1253.70,1255.30,88866
26-08-2026 14:35:00,1255.20,1255.30,1253.20,1253.70,59259
